AGS,Kreis/Stadt,count,mre,mre_rank,mre_p,esbl,esbl_rank,esbl_p,vre,vre_rank,vre_p,mrsa,mrsa_rank,mrsa_p,mrerise
9479,Wunsiedel i.Fichtelgebirge,19175,380,1,19.8174706649,159,102,8.2920469361,15,326,0.7822685789,336,5,17.5228161669,153
14713,"Leipzig, Stadt",103178,1742,2,16.8834441451,1079,33,10.4576557018,240,89,2.3260772645,632,229,6.1253367966,270
3153,Goslar,35933,590,3,16.4194473047,332,66,9.2394178054,131,40,3.6456738931,790,1,21.9853616453,35
6531,Gießen,54297,847,4,15.5993885482,483,78,8.8955190895,89,157,1.6391329171,434,140,7.9930751239,28
9462,"Bayreuth, Stadt",15958,237,5,14.8514851485,116,146,7.2690813385,24,176,1.5039478631,170,51,10.6529640306,35
11000,Berlin,674835,9011,6,13.3528936703,4906,145,7.269925241,1640,82,2.4302236843,7208,50,10.6811294613,32
3461,Wesermarsch,20812,269,7,12.9252354411,101,294,4.8529694407,13,347,0.624639631,291,14,13.9823178935,56
5513,"Gelsenkirchen, Stadt",77205,994,8,12.8748138074,639,103,8.276666019,76,277,0.9843922026,965,25,12.4991904669,11
3405,"Wilhelmshaven, Stadt",21293,270,9,12.6802235476,186,83,8.7352651106,8,384,0.3757103273,308,10,14.4648476025,113
3251,Diepholz,43855,552,10,12.586934215,245,249,5.5865921788,36,318,0.820887014,624,11,14.2287082431,71
3256,Nienburg,26658,334,11,12.5290719484,260,45,9.7531697802,26,280,0.975316978,344,23,12.904193863,58
5558,Coesfeld,51114,639,12,12.5014673084,277,262,5.4192589115,106,116,2.0737958289,720,12,14.0861603475,42
3453,Cloppenburg,35164,435,13,12.3706063019,209,222,5.94357866,12,387,0.3412581049,629,3,17.8876123308,110
9377,Tirschenreuth,19418,236,14,12.1536718509,241,14,12.4111648985,23,231,1.1844680194,180,89,9.2697497168,162
16068,Sömmerda,19064,231,15,12.1170793118,217,23,11.3827108687,44,92,2.308015107,216,41,11.3302559799,166
5770,Minden-Lübbecke,68522,820,16,11.9669595167,738,31,10.770263565,73,258,1.065351274,807,29,11.7772394268,95
8221,Heidelberg,19907,237,17,11.9053599236,158,115,7.9369066158,125,11,6.279198272,118,239,5.9275631687,-3
12054,"Potsdam, Stadt",31230,366,18,11.7195004803,263,96,8.4213896894,19,351,0.6083893692,256,134,8.1972462376,34
3152,Göttingen,54666,623,19,11.3964804449,569,35,10.4086635203,143,73,2.6158855596,619,42,11.3233088208,-1
3459,"Osnabrück, Kreis",80397,908,20,11.2939537545,625,120,7.7739219125,311,35,3.8683035437,1242,8,15.4483376245,24
3456,Grafschaft Bentheim,29623,334,21,11.2750227863,131,319,4.4222394761,31,265,1.0464841508,387,22,13.0641731087,17
3455,Friesland,22576,254,22,11.2508858965,185,105,8.1945428774,21,290,0.9301913536,315,15,13.9528703047,30
9472,"Bayreuth, Kreis",23848,268,23,11.2378396511,124,273,5.1995974505,27,240,1.1321704126,277,34,11.6152297887,46
14523,Vogtlandkreis,64512,723,24,11.2072172619,455,154,7.0529513889,138,109,2.1391369048,653,66,10.1221478175,221
4011,"Bremen, Stadt",106478,1192,25,11.1948008039,570,269,5.3532185052,121,239,1.1363849809,1248,30,11.720731043,50
3355,Lüneburg,32523,355,26,10.9153522123,105,382,3.2284844572,71,102,2.1830704425,309,76,9.5009685453,28
3157,Peine,28183,307,27,10.89309158,210,134,7.4513004293,30,259,1.0644714899,452,7,16.0380371146,39
9464,"Hof, Stadt",11905,129,28,10.8357832843,119,41,9.995800084,15,218,1.2599748005,139,31,11.6757664847,-14
3360,Uelzen,22799,247,29,10.8338085004,86,356,3.7720952673,34,180,1.4912934778,195,121,8.5530067108,-10
3404,"Osnabrück, Stadt",32761,353,30,10.7750068679,182,253,5.5553859772,111,51,3.3881749641,382,32,11.6602057324,6
5116,"Mönchengladbach, Stadt",61373,651,31,10.607270298,248,341,4.0408648754,50,321,0.8146904991,823,19,13.4098056148,-13
6532,Lahn-Dill-Kreis,63597,674,32,10.5979841816,226,368,3.5536267434,30,375,0.4717203642,527,130,8.2865543972,30
16077,Altenburger Land,26864,281,33,10.4600952948,256,58,9.5294818344,38,194,1.4145324598,157,244,5.8442525313,111
12069,Potsdam-Mittelmark,39063,406,34,10.3934669636,252,180,6.4511174257,53,200,1.3567826332,357,96,9.1390830197,13
5911,"Bochum, Stadt",97180,1010,35,10.3930849969,715,140,7.3574809632,251,76,2.5828359745,995,63,10.2387322494,27
16052,"Gera, Stadt",26695,277,36,10.3764749953,349,9,13.0736092901,58,104,2.1726915153,239,101,8.9529874508,33
5113,"Essen, Stadt",146119,1487,37,10.1766368508,1817,13,12.4350700456,1000,7,6.8437369541,1685,37,11.5316967677,-5
5117,"Mülheim an der Ruhr, Stadt",41336,419,38,10.1364428101,462,24,11.1766982775,262,10,6.3383007548,459,43,11.1041223147,-13
16071,Weimarer Land,20838,210,39,10.0777425857,232,25,11.1335060946,71,50,3.407236779,138,203,6.6225165563,74
6440,Wetteraukreis,64023,645,40,10.074504475,414,179,6.4664261281,52,322,0.8122081127,591,91,9.2310575887,37
14729,"Leipzig, Kreis",63664,630,41,9.8957024378,613,53,9.6286755466,118,133,1.8534807741,323,291,5.0735109324,172
10041,Regionalverband Saarbrücken,82238,813,42,9.885940806,764,64,9.2901091953,204,80,2.4806050731,779,77,9.4725066271,-8
15003,"Magdeburg, Landeshauptstadt",53436,528,43,9.8809791152,405,122,7.5791601168,107,122,2.0023953889,442,131,8.2715772139,48
3454,Emsland,69144,681,44,9.8490107602,243,371,3.5144047206,103,181,1.4896447993,1018,9,14.7228971422,31
16065,Kyffhäuserkreis,22273,219,45,9.8325326629,256,22,11.4937368114,44,126,1.9754860145,256,38,11.4937368114,119
6533,Limburg-Weilburg,37885,372,46,9.8191896529,224,226,5.9126303286,188,19,4.9623861687,386,64,10.1887290484,-5
5758,Herford,57742,566,47,9.8022236847,293,281,5.0742960064,66,236,1.1430154827,607,54,10.5122787572,8
1003,"Lübeck, Hansestadt",46544,453,48,9.7327260227,275,228,5.9083877621,84,137,1.8047438982,540,35,11.6019250602,32
3155,Northeim,36706,354,49,9.6441998583,275,126,7.4919631668,77,114,2.0977496867,506,17,13.7852122269,12
13075,Vorpommern-Greifswald,62790,601,50,9.5715878325,387,203,6.1634018156,308,20,4.9052396878,372,240,5.9245102723,-
6534,Marburg-Biedenkopf,47588,453,51,9.5192065227,258,261,5.4215348407,52,247,1.0927124485,437,93,9.1829873077,58
6535,Vogelsbergkreis,28572,271,52,9.4848103038,248,89,8.6798264035,31,248,1.0849783004,280,71,9.7998040039,67
9475,"Hof, Kreis",24116,228,53,9.4543041964,232,55,9.6201691823,21,302,0.870791176,242,68,10.034831647,20
3241,Region Hannover,242124,2284,54,9.4331829971,2135,82,8.8177958401,1509,12,6.2323437577,3261,18,13.4683054964,26
5916,"Herne, Stadt",49404,465,55,9.4121933447,370,127,7.4892721237,135,69,2.7325722614,463,85,9.3717107926,-5
3255,Holzminden,19791,186,56,9.3982113082,329,1,16.6237178515,134,8,6.7707543833,435,2,21.9796877369,18
9371,Amberg-Sulzbach,23948,224,57,9.3535994655,175,143,7.3074995824,28,233,1.1691999332,170,176,7.0987138801,-8
15002,Halle,54903,513,58,9.3437517076,658,19,11.9847731454,47,305,0.8560552247,388,179,7.0670090888,31
5162,Rhein-Kreis Neuss,97680,908,59,9.2956592957,598,207,6.122031122,85,303,0.8701883702,1015,60,10.3910728911,77
9376,Schwandorf,36474,338,60,9.2668750343,325,77,8.9104567637,63,145,1.7272577727,274,155,7.5122004716,28
9363,Weiden i.d.OPf.,10178,94,61,9.2356062095,86,95,8.4495971704,8,325,0.7860090391,66,211,6.4845745726,96
9374,Neustadt a.d.Waldnaab,21775,201,62,9.2307692308,203,63,9.3226176808,18,316,0.8266360505,163,157,7.4856486797,128
3460,Vechta,31143,287,63,9.2155540571,96,386,3.0825546672,23,335,0.7385287223,432,16,13.8714960023,226
9373,Neumarkt i.d.OPf.,27370,252,64,9.2071611253,218,114,7.9649251005,99,43,3.6170990135,232,123,8.4764340519,9
5566,Steinfurt,100165,922,65,9.2048120601,626,194,6.2496880148,157,166,1.5674137673,1191,27,11.8903808716,9
3352,Cuxhaven,46509,428,66,9.2025199424,364,117,7.826442194,99,112,2.128620267,508,45,10.9226171279,41
9375,"Regensburg, Kreis",35324,321,67,9.0873060809,171,295,4.8409013702,103,65,2.915864568,194,268,5.4920167591,27
13003,Rostock,40683,367,68,9.0209669887,236,233,5.8009487993,122,62,2.9987955657,424,59,10.4220436054,19
7332,Bad Dürkheim,30188,271,69,8.9770769842,443,3,14.6747051809,121,32,4.0082151848,228,154,7.5526699351,53
13073,Vorpommern-Rügen,55645,499,70,8.9675622248,317,240,5.6968281067,102,136,1.8330487914,782,13,14.0533740678,-
3252,Hameln-Pyrmont,36964,329,71,8.9005518883,321,87,8.6841250947,65,142,1.7584676983,437,28,11.8223136024,19
16055,"Weimar, Stadt",15631,139,72,8.8925852473,229,4,14.6503742563,61,33,3.9025014394,96,227,6.1416416096,31
12065,Oberhavel,45573,404,73,8.8648980756,244,268,5.3540473526,61,206,1.3385118381,367,139,8.0530138459,45
1061,Steinburg,27864,247,74,8.8644846397,159,237,5.706287683,12,382,0.4306632214,217,148,7.7878265863,-16
9476,Kronach,16562,146,75,8.8153604637,144,86,8.6946021012,22,207,1.3283419877,155,86,9.358773095,10
3452,Aurich,43016,378,76,8.7874279338,155,364,3.6033103961,26,353,0.60442626,382,105,8.8804165892,117
8222,Mannheim,58039,508,77,8.7527352298,638,28,10.9926084185,62,256,1.0682472131,423,166,7.2882027602,11
6635,Waldeck-Frankenberg,44049,385,78,8.7402665214,450,38,10.2158959341,114,75,2.58802697,478,46,10.8515516811,107
3358,Heidekreis,30428,264,79,8.6762192717,132,325,4.3381096359,22,337,0.7230182726,270,108,8.8734060734,-7
12060,Barnim,42647,370,80,8.6758740357,444,34,10.4110488428,136,55,3.1889699158,395,90,9.2620817408,45
6611,"Kassel, Stadt",50056,429,81,8.5704011507,315,191,6.2929518939,24,373,0.4794630014,505,67,10.0887006553,22
3158,Wolfenbüttel,26636,228,82,8.5598438204,151,243,5.6690193723,83,59,3.116083496,304,40,11.4131250939,59
6633,"Kassel, Kreis",56660,485,83,8.5598305683,266,305,4.6946699612,34,354,0.6000705965,536,80,9.4599364631,39
6414,"Wiesbaden, Landeshauptstadt",52851,447,84,8.4577396833,173,380,3.2733533897,25,374,0.4730279465,359,197,6.7926813116,10
6439,Rheingau-Taunus-Kreis,34748,293,85,8.4321399793,135,350,3.8851156901,29,310,0.8345804075,308,109,8.8638195004,18
8226,Rhein-Neckar-Kreis,96692,813,86,8.4081413147,895,65,9.2561949282,357,38,3.6921358541,552,254,5.7088487155,-2
9273,Kelheim,25462,214,87,8.4046814861,121,299,4.7521797188,48,129,1.8851622025,134,279,5.262744482,-12
5562,Recklinghausen,177047,1484,88,8.3819550741,1252,153,7.0715685665,292,154,1.6492795698,1699,74,9.5963218806,6
9461,"Bamberg, Stadt",16774,140,89,8.346250149,152,69,9.061643019,17,270,1.0134732324,283,6,16.8713485156,40
5974,Soest,79965,665,90,8.3161383105,477,220,5.9651097355,83,267,1.0379541049,750,84,9.3791033577,16
9362,"Regensburg, Stadt",27229,226,91,8.2999742921,81,390,2.9747695472,56,118,2.056630798,128,316,4.7008703955,8
3351,Celle,35542,293,92,8.2437679365,141,348,3.9671374712,31,301,0.8722075291,326,94,9.1722469191,28
3101,"Braunschweig, Stadt",49515,407,93,8.2197313945,510,36,10.2999091184,354,4,7.1493486822,653,20,13.1879228517,2
12072,Teltow-Fläming,39236,315,94,8.0283413192,203,275,5.1738199613,51,212,1.2998266898,407,61,10.3731267204,50
6634,Schwalm-Eder-Kreis,46732,374,95,8.0030814003,214,309,4.5793032611,29,348,0.6205597877,394,126,8.4310536677,19
10043,Neunkirchen,36013,287,96,7.9693444034,280,119,7.7749701497,59,158,1.6382972815,366,65,10.1629966956,-11
14730,Nordsachsen,51729,411,97,7.9452531462,461,76,8.9118289547,76,185,1.469195229,199,359,3.846971718,76
15083,Börde,43558,346,98,7.9434317462,267,205,6.1297580238,72,152,1.6529684559,259,236,5.946094862,20
5358,Düren,64506,512,99,7.9372461476,265,338,4.1081449788,63,279,0.9766533346,480,159,7.4411682634,19
3458,"Oldenburg, Kreis",24300,192,100,7.9012345679,64,393,2.633744856,16,344,0.658436214,231,75,9.5061728395,39
10045,Saarpfalz-Kreis,35530,280,101,7.8806642274,222,195,6.2482409232,43,226,1.2102448635,332,88,9.3442161554,-17
9372,Cham,30351,239,102,7.8745346117,125,335,4.1184804455,37,225,1.2190702119,246,137,8.1051695167,11
12068,Ostprignitz-Ruppin,28787,226,103,7.8507659708,171,223,5.9401813319,42,188,1.4589919061,149,284,5.1759474763,30
9361,Amberg,9426,74,104,7.8506259283,42,317,4.455760662,3,388,0.3182686187,60,219,6.3653723743,30
5915,"Hamm, Stadt",48316,377,105,7.8027982449,263,259,5.4433314016,44,292,0.9106714132,505,58,10.4520241742,-7
16076,Greiz,27434,214,106,7.8005394766,201,142,7.3266749289,46,148,1.6767514763,152,265,5.5405700955,-7
7138,Neuwied,49927,389,107,7.7913754081,257,277,5.1475153724,57,237,1.1416668336,470,81,9.4137440663,-1
9572,Erlangen-Höchstadt,25587,198,108,7.7383046078,144,245,5.6278578966,26,269,1.0161410091,197,150,7.6992222613,32
6636,Werra-Meißner-Kreis,29091,225,109,7.7343508302,215,137,7.3906019044,24,317,0.8249974219,239,133,8.2155993263,3
4012,"Bremerhaven, Stadt",28606,221,110,7.7256519611,106,361,3.7055163252,34,230,1.1885618402,256,102,8.9491715025,-2
5119,"Oberhausen, Stadt",55670,429,111,7.7061253817,230,334,4.1314891324,99,140,1.7783366265,490,111,8.8018681516,23
5315,"Köln, Stadt",215417,1659,112,7.7013420482,1343,198,6.2344197533,319,184,1.4808487724,1765,135,8.1934109193,-6
1060,Segeberg,58264,448,113,7.689139091,399,163,6.848139503,43,336,0.7380200467,504,117,8.6502814774,55
16054,"Suhl, Stadt",12099,93,114,7.6865856682,170,6,14.0507479957,13,253,1.0744689644,63,281,5.2070419043,139
5766,Lippe,74094,566,115,7.6389451238,400,264,5.3985477906,340,24,4.588765622,781,53,10.5406645612,81
1051,Dithmarschen,30391,232,116,7.6338389655,103,375,3.3891612648,4,398,0.1316179132,312,62,10.2661972294,-15
9663,"Würzburg, Stadt",25021,191,117,7.6335877863,106,329,4.2364413892,66,72,2.6377842612,135,271,5.395467807,93
15089,Salzlandkreis,61405,466,118,7.5889585539,373,214,6.0744239068,89,189,1.4493933719,383,223,6.2372770947,-11
5111,"Düsseldorf, Stadt",128715,974,119,7.5671056209,971,124,7.5437983141,110,306,0.8546012508,1088,124,8.4527832809,1
6434,Hochtaunuskreis,44567,337,120,7.5616487536,290,176,6.5070567909,59,208,1.323849485,349,147,7.8309062759,15
5515,"Münster, Stadt",56913,430,121,7.5553915626,229,344,4.023685274,61,254,1.0718113612,494,115,8.6799149579,45
15082,Anhalt-Bitterfeld,47327,356,122,7.5221332432,418,81,8.8321676844,58,223,1.2255160902,244,286,5.1556194139,16
3151,Gifhorn,36300,272,123,7.4931129477,186,280,5.1239669421,54,183,1.4876033058,308,122,8.4848484848,-26
5914,"Hagen, Stadt",50253,376,124,7.4821403697,370,139,7.3627445128,77,172,1.532246831,441,113,8.7755954868,23
3103,"Wolfsburg, Stadt",25039,187,125,7.468349375,230,67,9.1856703542,40,164,1.5975078877,237,79,9.4652342346,-8
3254,Hildesheim,59813,443,126,7.4064166653,370,201,6.185946199,46,330,0.7690635815,644,49,10.7668901409,22
6632,Hersfeld-Rotenburg,34862,258,127,7.400608112,159,310,4.560839883,33,284,0.9465894097,330,78,9.4658940967,235
5913,"Dortmund, Stadt",143223,1059,128,7.3940638026,1251,84,8.734630611,121,308,0.844836374,1194,128,8.3366498398,-17
7141,Rhein-Lahn-Kreis,29639,218,129,7.3551739262,209,155,7.0515199568,60,121,2.0243597962,239,138,8.0636998549,-6
5314,"Bonn, Stadt",63501,467,130,7.3542148943,373,229,5.8739232453,79,221,1.2440748965,507,141,7.9841262342,42
9471,"Bamberg, Kreis",32267,236,131,7.3139740292,310,57,9.6073387672,34,262,1.0537081228,348,48,10.7850125515,50
5978,Unna,108778,795,132,7.3084631083,721,172,6.628178492,103,283,0.9468826417,980,99,9.0091746493,0
13072,Landkreis Rostock,45046,329,133,7.3036451627,219,293,4.861696932,72,163,1.5983661146,423,83,9.3904009235,-
7319,"Worms, kreisfreie Stadt",19288,140,134,7.2583990046,161,100,8.3471588552,82,27,4.2513479884,129,200,6.6880962256,51
3156,Osterode am Harz,22843,165,135,7.223219367,220,52,9.630959156,94,29,4.1150461848,301,21,13.1769032089,-46
5374,Oberbergischer Kreis,61364,441,136,7.1866240793,234,353,3.8133107359,50,320,0.8148099863,507,132,8.2621732612,17
7137,Mayen-Koblenz,48038,345,137,7.1818143969,293,210,6.0993380241,52,249,1.0824763729,344,173,7.1609975436,79
7316,"Neustadt an der Weinstraße, kreisfreie Stadt",10916,78,138,7.1454745328,111,39,10.1685599121,32,63,2.9314767314,49,327,4.488823745,70
3401,"Delmenhorst, Stadt",17498,125,139,7.1436735627,43,394,2.4574237056,0,400,0,124,177,7.0865241742,54
7315,"Mainz, kreisfreie Stadt",36175,254,140,7.0214236351,330,68,9.1223220456,30,313,0.8293020041,255,182,7.0490670352,5
9679,"Würzburg, Kreis",31292,219,141,6.9985938898,141,313,4.5059440112,58,132,1.8535088841,98,383,3.1317908731,113
3356,Osterholz,22026,154,142,6.991737038,134,212,6.0837192409,23,266,1.0442204667,153,190,6.9463361482,51
3354,Lüchow-Dannenberg,12804,89,143,6.9509528272,54,330,4.2174320525,26,120,2.0306154327,90,185,7.0290534208,19
6413,"Offenbach am Main, Stadt",25784,179,144,6.9422897921,165,183,6.3993174061,112,26,4.3437790878,150,248,5.8175612783,-10
16053,"Jena, Stadt",20778,144,145,6.9304071614,230,26,11.0694003273,104,18,5.005294061,116,261,5.5828279911,37
5166,Viersen,70447,486,146,6.8988033557,253,365,3.5913523642,54,331,0.7665337062,594,125,8.4318707681,19
7334,Germersheim,27004,186,147,6.8878684639,186,161,6.8878684639,30,245,1.1109465264,159,242,5.8880165901,86
5170,Wesel,119372,820,148,6.8692825788,773,178,6.4755554066,273,97,2.2869684683,1032,118,8.6452434407,56
7111,"Koblenz, kreisfreie Stadt",24518,167,149,6.8113222938,155,187,6.3218859613,40,159,1.6314544416,180,161,7.3415449874,24
3102,"Salzgitter, Stadt",24985,169,150,6.7640584351,186,135,7.44446668,42,147,1.6810086052,183,164,7.3243946368,21
13071,Mecklenburgische Seenplatte,65432,442,151,6.755104536,154,397,2.3535884582,63,282,0.962831642,480,162,7.3358601296,-
5366,Euskirchen,44384,299,152,6.7366618601,168,355,3.785147801,43,281,0.9688175919,322,168,7.2548666186,40
7143,Westerwaldkreis,47680,320,153,6.711409396,365,121,7.6552013423,37,327,0.7760067114,424,104,8.8926174497,36
1062,Stormarn,47713,320,154,6.7067675476,272,238,5.7007524155,42,298,0.8802632406,336,183,7.042105925,58
14521,Erzgebirgskreis,92643,620,155,6.692356681,1135,16,12.2513303757,296,54,3.195060609,610,205,6.5844154442,233
12051,"Brandenburg an der Havel, Stadt",19000,127,156,6.6842105263,105,255,5.5263157895,5,391,0.2631578947,135,175,7.1052631579,-21
7133,Bad Kreuznach,40932,273,157,6.6695983583,243,224,5.9366754617,21,369,0.5130460276,281,193,6.865044464,23
14628,Sächsische Schweiz-Osterzgebirge,52016,346,158,6.6517994463,318,208,6.1135035374,49,286,0.9420178407,373,172,7.1708705014,30
16069,Hildburghausen,18803,125,159,6.647875339,161,94,8.5624634367,17,294,0.9041110461,78,339,4.1482742116,89
5570,Warendorf,67424,447,160,6.6296867584,375,251,5.5618177504,75,244,1.1123635501,705,57,10.4562173707,4
8421,Ulm,22254,146,161,6.5606183158,109,291,4.8979958659,12,364,0.5392289027,72,379,3.235373416,49
9183,Mühldorf a.Inn,23843,156,162,6.542800822,73,387,3.0616952565,20,309,0.8388206182,204,120,8.5559703058,-4
12064,Märkisch-Oderland,47192,308,163,6.5265299203,284,217,6.0179691473,66,196,1.3985421258,419,106,8.8786234955,7
9562,Erlangen,19923,130,164,6.5251217186,125,193,6.2741554987,26,211,1.3050243437,85,335,4.2664257391,-7
1004,"Neumünster, Stadt",17175,112,165,6.5211062591,96,248,5.5895196507,26,173,1.5138282387,216,24,12.576419214,84
9565,Schwabach,8451,55,166,6.5081055496,57,167,6.7447639333,0,400,0,79,87,9.3480061531,25
2000,"Hamburg, Freie und Hansestadt",351011,2280,167,6.4955229323,1992,242,5.6750358251,297,307,0.8461273293,1947,264,5.5468347146,23
6436,Main-Taunus-Kreis,40077,260,168,6.4875115403,227,244,5.664096614,186,23,4.6410659481,227,258,5.664096614,14
5958,Hochsauerlandkreis,72915,473,169,6.4870054173,239,379,3.2777892066,52,338,0.7131591579,651,103,8.9282040732,8
10046,St. Wendel,22698,147,170,6.4763415279,151,170,6.6525685082,35,168,1.5419860781,225,70,9.9127676447,41
3361,Verden,26285,170,171,6.4675670535,144,256,5.4784097394,15,360,0.5706676812,218,129,8.2937036333,33
3257,Schaumburg,33412,216,172,6.464743206,250,129,7.4823416737,78,88,2.3344906022,242,169,7.2429067401,10
7331,Alzey-Worms,27650,178,173,6.4376130199,240,88,8.6799276673,64,90,2.3146473779,195,181,7.0524412297,46
5554,Borken,84063,541,174,6.4356494534,479,239,5.6981073719,129,170,1.5345633632,724,119,8.6125881779,-13
9272,Freyung-Grafenau,19654,126,175,6.4109087209,189,56,9.6163630813,182,2,9.2602014857,127,212,6.4617889488,26
7140,Rhein-Hunsrück-Kreis,24834,159,176,6.4025126842,150,216,6.0401063059,14,362,0.5637432552,186,156,7.4897318193,87
9478,Lichtenfels,18143,116,177,6.3936504437,227,12,12.5117125062,27,182,1.4881772584,196,47,10.8030645428,2
3451,Ammerland,21558,137,178,6.3549494387,76,370,3.5253734113,11,370,0.5102514148,164,152,7.6073847296,11
5512,"Bottrop, Stadt",31598,200,179,6.3295145262,266,97,8.4182543199,63,124,1.9937970758,297,82,9.3993290715,70
12061,Dahme-Spreewald,38766,244,180,6.2941753083,149,351,3.8435742661,51,210,1.3155858226,280,170,7.2228241242,57
14522,Mittelsachsen,75478,474,181,6.279975622,547,147,7.2471448634,113,178,1.4971249901,572,153,7.5783672063,86
14627,Meißen,58115,364,182,6.263443173,580,43,9.9802116493,277,21,4.7664114256,426,163,7.3302933838,15
3154,Helmstedt,20517,128,183,6.238728859,129,192,6.2874689282,47,96,2.2907832529,184,100,8.9681727348,-17
7132,Altenkirchen (Westerwald),32413,202,184,6.2320673804,224,159,6.9108073921,4,399,0.1234072749,257,144,7.9289174097,19
15091,Wittenberg,35056,218,185,6.218621634,284,110,8.1013235965,33,287,0.9413509813,177,294,5.0490643542,116
7318,"Speyer, kreisfreie Stadt",10615,66,186,6.2176165803,147,7,13.848327838,12,241,1.1304757419,93,114,8.7611869995,16
5954,Ennepe-Ruhr-Kreis,89068,553,187,6.2087393901,675,123,7.5784793641,150,146,1.6841065254,933,56,10.4751425877,-3
5112,"Duisburg, Stadt",122736,760,188,6.1921522618,616,284,5.0189023595,388,57,3.161256681,1470,26,11.9769260853,-4
15088,Saalekreis,47022,290,189,6.1673259325,457,49,9.718855004,78,151,1.6587980094,220,318,4.6786610523,3
15085,Harz,61020,376,190,6.1619141265,407,169,6.6699442806,61,273,0.9996722386,355,247,5.8177646673,90
6437,Odenwaldkreis,19085,117,191,6.1304689547,79,333,4.1393764737,48,79,2.5150641865,99,283,5.1873198847,10
5158,Mettmann,111781,684,192,6.1191078985,715,184,6.396435888,130,235,1.1629883433,983,112,8.793981088,3
5362,Rhein-Erft-Kreis,100352,612,193,6.0985331633,465,307,4.6336894133,113,242,1.126036352,672,199,6.6964285714,43
8128,Main-Tauber-Kreis,28399,173,194,6.0917637945,194,165,6.8312264516,81,66,2.8522131061,174,228,6.126976302,71
5334,Städteregion Aachen,115069,700,195,6.0833065378,370,383,3.2154620271,93,323,0.8082107257,712,226,6.1875917928,-1
6438,"Offenbach, Kreis",68662,412,196,6.0004077947,469,166,6.8305613003,230,52,3.3497422155,377,269,5.4906644141,7
15081,Altmarkkreis Salzwedel,23292,139,197,5.9677142366,174,131,7.4703760948,70,61,3.0053237163,152,207,6.525845784,-18
12073,Uckermark,36512,217,198,5.9432515337,304,101,8.3260297984,148,30,4.0534618755,246,198,6.7375109553,67
3403,"Oldenburg, Stadt",27952,166,199,5.9387521465,65,399,2.3254149971,25,297,0.8943903835,191,196,6.8331425301,25
6412,"Frankfurt am Main, Stadt",134841,796,200,5.9032490118,1258,62,9.3295066041,379,68,2.8107178084,867,214,6.429795092,-1
9574,Nürnberger Land,36692,213,201,5.8050801265,238,177,6.4864275591,52,193,1.41720266,203,266,5.5325411534,-1
15084,Burgenlandkreis,50245,291,202,5.7916210568,641,11,12.7574883073,256,16,5.0950343318,322,216,6.4085978704,57
6435,Main-Kinzig-Kreis,90510,524,203,5.7894155342,429,300,4.739807756,103,238,1.1379958016,599,204,6.6180532538,-13
7320,"Zweibrücken, kreisfreie Stadt",9681,56,204,5.7845263919,60,200,6.1977068485,13,205,1.3428364838,68,186,7.0240677616,-21
6431,Bergstraße,54563,315,205,5.7731429723,289,272,5.2966295842,113,117,2.0710004948,315,252,5.7731429723,-8
1001,"Flensburg, Stadt",16653,96,206,5.7647270762,58,373,3.4828559419,4,393,0.2401969615,166,69,9.9681739026,43
16061,Eichsfeld,26724,154,207,5.7626103877,290,30,10.8516689118,44,156,1.6464601108,174,208,6.5110013471,18
1055,Ostholstein,46134,265,208,5.7441366454,337,144,7.304807734,76,155,1.6473750379,424,92,9.1906186327,2
10044,Saarlouis,50477,289,209,5.725379876,340,168,6.7357410306,61,228,1.2084711849,377,158,7.4687481427,-9
12063,Havelland,37482,214,210,5.7094071821,280,132,7.4702523878,128,48,3.4149725201,190,293,5.0690998346,40
5122,"Solingen, Stadt",39282,222,211,5.6514434092,248,188,6.3133241688,42,255,1.0691919963,261,201,6.6442645486,12
7340,Südwestpfalz,26244,148,212,5.6393842402,168,182,6.4014631916,51,128,1.943301326,152,251,5.7918000305,-23
5962,Märkischer Kreis,115874,653,213,5.6354315895,624,266,5.3851597425,266,94,2.2955969415,818,180,7.0593920983,7
8225,Neckar-Odenwald-Kreis,31589,178,214,5.6348728988,199,189,6.2996612745,69,101,2.184304663,117,366,3.7038209503,9
12053,Frankfurt,15810,89,215,5.6293485136,158,42,9.9936748893,3,395,0.1897533207,175,44,11.0689437065,-15
7338,Rhein-Pfalz-Kreis,31280,176,216,5.6265984655,373,20,11.9245524297,56,139,1.7902813299,194,224,6.2020460358,13
7233,Vulkaneifel,17123,96,217,5.6064941891,166,50,9.6945628687,6,385,0.3504058868,119,189,6.9497167552,35
3462,Wittmund,11959,67,218,5.6024751233,85,152,7.1076176938,3,392,0.2508570951,127,52,10.6196170248,131
9474,Forchheim,24109,135,219,5.5995686258,103,326,4.2722634701,20,312,0.8295657223,128,276,5.309220623,-36
6433,Groß-Gerau,52562,293,220,5.5743693162,320,211,6.0880484,46,299,0.8751569575,249,313,4.7372626612,136
14612,"Dresden, Stadt",98823,545,221,5.5149104965,616,199,6.2333667264,123,220,1.2446495249,577,245,5.8387217551,48
7339,Mainz-Bingen,41009,226,222,5.5109853935,252,204,6.1449925626,19,376,0.4633129313,239,246,5.827988978,2
8115,Böblingen,63283,347,223,5.483305153,529,99,8.3592750028,105,150,1.6592133748,340,272,5.3726909281,-7
1053,Herzogtum Lauenburg,39030,213,224,5.4573405073,184,304,4.7143223162,29,334,0.7430181911,311,142,7.968229567,113
8135,Heidenheim,24572,134,225,5.4533615497,158,181,6.4300830213,26,261,1.0581149276,97,355,3.9475826144,185
5382,Rhein-Sieg-Kreis,123878,670,226,5.4085471189,493,347,3.9797219845,155,219,1.2512310499,871,184,7.0311112546,40
3359,Stade,39427,213,227,5.4023892257,382,51,9.6887919446,222,15,5.6306591929,186,314,4.7175793238,113
9677,Main-Spessart,28438,153,228,5.3801251846,102,367,3.5867501231,61,108,2.1450172305,98,369,3.4460932555,99
5316,"Leverkusen, Stadt",36251,195,229,5.3791619542,208,236,5.7377727511,22,352,0.6068798102,222,231,6.123968994,-21
9564,Nürnberg,108798,582,230,5.3493630398,912,98,8.3825070314,110,271,1.0110479972,538,299,4.9449438409,-23
9261,"Landshut, Stadt",18840,100,231,5.3078556263,153,109,8.1210191083,29,169,1.5392781316,137,167,7.2717622081,-7
7337,Südliche Weinstraße,23558,125,232,5.3060531454,237,40,10.0602767637,26,246,1.1036590542,106,326,4.4995330673,4
1002,"Kiel, Landeshauptstadt",48454,257,233,5.3039996698,199,339,4.1069880712,116,86,2.3940231973,377,149,7.7805753911,16
9161,Ingolstadt,24385,129,234,5.2901373795,219,73,8.9809309001,161,9,6.6024195202,148,232,6.0693049006,-24
5378,Rheinisch-Bergischer Kreis,57952,303,235,5.2284649365,190,378,3.2785753727,70,229,1.20789619,285,302,4.9178630591,-22
9473,"Coburg, Kreis",21234,111,236,5.2274653857,218,37,10.2665536404,75,46,3.5320712066,188,110,8.8537251578,-23
5970,Siegen-Wittgenstein,63882,333,237,5.212735982,388,215,6.0736983814,22,386,0.3443849598,400,221,6.2615447231,11
7232,Eifelkreis Bitburg-Prüm,26386,137,238,5.1921473509,82,385,3.1077086334,6,394,0.2273933146,193,165,7.3144849541,145
9279,Dingolfing-Landau,20425,106,239,5.1897184823,176,91,8.6168910649,49,85,2.3990208078,106,282,5.1897184823,38
7317,"Pirmasens, kreisfreie Stadt",11080,57,240,5.1444043321,90,108,8.1227436823,17,171,1.5342960289,96,116,8.6642599278,-42
7314,"Ludwigshafen am Rhein, kreisfreie Stadt",36408,187,241,5.1362337948,518,5,14.2276422764,50,198,1.3733245441,259,174,7.1138211382,-16
9477,Kulmbach,20471,105,242,5.1292071711,136,171,6.6435445264,11,365,0.5373455132,215,55,10.5026623028,18
1059,Schleswig-Flensburg,39348,201,243,5.1082647149,148,358,3.7613093423,28,339,0.7115990648,329,127,8.3612890109,5
5774,Paderborn,74049,376,244,5.0777188078,375,282,5.0642142365,171,91,2.3092816919,588,143,7.9406879229,25
1054,Nordfriesland,35268,179,245,5.0754224793,59,401,1.6729046161,11,390,0.3118974708,244,191,6.9184529885,56
5120,"Remscheid, Stadt",28891,146,246,5.0534768613,190,175,6.5764424907,37,214,1.2806756429,229,145,7.9263438441,-32
9274,"Landshut, Kreis",27362,138,247,5.0434909729,213,118,7.7845186755,51,130,1.8638988378,178,209,6.5053724143,41
5370,Heinsberg,56804,284,248,4.9996479121,409,148,7.2001971692,201,45,3.5384832054,556,72,9.7880430956,-45
15090,Stendal,31167,155,249,4.9732088427,101,381,3.2406070523,29,289,0.9304713319,135,332,4.3315044759,35
5966,Olpe,32874,163,250,4.9583257285,205,197,6.235931131,34,268,1.0342519925,225,195,6.844314656,-16
8335,Konstanz,49227,244,251,4.9566294919,156,384,3.168992626,41,311,0.8328762671,279,256,5.6676214273,132
5154,Kleve,76747,380,252,4.9513336026,378,288,4.9252739521,41,366,0.5342228361,458,234,5.9676599737,-27
16074,Saale-Holzland-Kreis,19422,96,253,4.9428483163,172,79,8.8559365668,64,53,3.2952322109,94,305,4.8398723098,41
15087,Mansfeld-Südharz,40963,201,254,4.9068671728,452,27,11.0343480702,76,131,1.8553328614,315,151,7.6898664649,23
13074,Nordwestmecklenburg,37959,184,255,4.8473352828,162,328,4.2677625859,41,250,1.0801127532,337,107,8.8779999473,-
3357,Rotenburg (Wümme),32341,156,256,4.8235985282,133,337,4.1124269503,18,363,0.5565690609,188,249,5.8130546365,-20
7131,Ahrweiler,33099,158,257,4.7735581135,194,231,5.861204266,40,227,1.2084957249,270,136,8.1573461434,4
16064,Unstrut-Hainich-Kreis,27693,132,258,4.766547503,148,270,5.3443108367,17,349,0.6138735421,190,194,6.8609395876,-35
14524,Zwickau,85990,407,259,4.733108501,749,85,8.7103151529,312,41,3.6283288755,344,349,4.0004651704,119
9575,Neustadt a.d.Aisch-Bad Windsheim,23034,108,260,4.6887210211,93,343,4.0375097682,21,291,0.9116957541,148,215,6.4252843622,2
8117,Göppingen,45031,211,261,4.6856609891,214,298,4.7522817615,27,355,0.5995869512,208,321,4.6190402167,-14
9185,Neuburg-Schrobenhausen,19441,91,262,4.6808291755,100,279,5.1437683247,52,71,2.6747595288,104,275,5.3495190577,69
9676,Miltenberg,25900,121,263,4.6718146718,229,80,8.8416988417,48,134,1.8532818533,146,260,5.6370656371,-18
8125,"Heilbronn, Kreis",61598,287,264,4.6592421832,364,227,5.9092827689,167,70,2.7111269846,349,257,5.6657683691,24
9675,Kitzingen,20701,96,265,4.6374571277,98,302,4.7340708178,18,304,0.8695232114,111,274,5.3620598039,26
8237,Freudenstadt,20171,93,266,4.6105795449,88,322,4.3626989242,49,83,2.4292300828,118,243,5.8499826484,8
5124,"Wuppertal, Stadt",80535,371,267,4.6066927423,439,258,5.451046129,61,332,0.7574346557,931,36,11.5601912212,16
3353,Harburg,50597,233,268,4.6050161077,216,327,4.269027808,35,340,0.691740617,201,353,3.9725675435,8
9278,Straubing-Bogen,21393,98,269,4.5809376899,120,247,5.609311457,45,113,2.1034917964,113,278,5.282101622,29
8236,Enzkreis,39362,180,270,4.572938367,241,206,6.1226563691,93,87,2.3626848229,172,330,4.3696966618,43
9671,"Aschaffenburg, Kreis",31056,142,271,4.5723853684,112,363,3.6063884596,62,123,1.9963936115,102,376,3.28438949,6
5762,Höxter,36990,169,272,4.568802379,360,46,9.7323600973,225,14,6.0827250608,650,4,17.5723168424,26
7313,"Landau in der Pfalz, kreisfreie Stadt",11227,51,273,4.5426204685,135,18,12.0245835931,24,110,2.1377037499,37,375,3.2956266144,19
7135,Cochem-Zell,16328,74,274,4.5320921117,129,116,7.9005389515,10,350,0.61244488,100,230,6.1244487996,57
12067,Oder-Spree,50015,226,275,4.5186444067,241,296,4.8185544337,45,295,0.899730081,574,39,11.4765570329,5
8121,"Heilbronn, Stadt",23537,106,276,4.5035476059,173,141,7.3501295832,85,44,3.6113353444,101,334,4.2911161151,25
15001,"Dessau-Roßlau, Stadt",23546,106,277,4.5018262125,212,71,9.003652425,4,396,0.1698802344,113,309,4.7991166228,19
8425,Alb-Donau-Kreis,33415,149,278,4.4590752656,179,267,5.3568756546,50,179,1.4963339817,138,340,4.1298817896,59
8435,Bodenseekreis,39727,177,279,4.4554081607,286,149,7.1991340902,79,125,1.9885720039,187,315,4.7071261359,149
9576,Roth,26981,120,280,4.4475742189,188,157,6.9678662763,27,272,1.0007041993,141,280,5.2258997072,3
9463,"Coburg, Stadt",9721,43,281,4.4234132291,115,21,11.8300586359,49,17,5.0406336797,89,95,9.1554366835,-56
3402,"Emden, Stadt",10501,46,282,4.3805351871,67,185,6.3803447291,17,160,1.6188934387,102,73,9.7133606323,0
15086,Jerichower Land,26293,115,283,4.3737877001,118,314,4.4878865097,23,300,0.87475754,105,350,3.9934583349,-1
12070,Prignitz,23986,104,284,4.3358625865,193,111,8.0463603769,83,47,3.4603518719,123,288,5.1279913283,-6
8215,"Karlsruhe, Kreis",81022,346,285,4.2704450643,647,113,7.9854854237,109,203,1.3453136185,428,277,5.2825158599,27
5754,Gütersloh,78106,333,286,4.2634368678,423,263,5.4157171024,49,346,0.6273525721,507,210,6.4911786546,32
5711,"Bielefeld, Stadt",75302,320,287,4.2495551247,538,151,7.1445645534,39,368,0.5179145308,480,218,6.374332687,16
1056,Pinneberg,63046,264,288,4.1874187101,289,308,4.5839545729,28,381,0.4441201662,343,270,5.4404720363,-8
12062,Elbe-Elster,28981,121,289,4.1751492357,108,360,3.7265794831,24,314,0.828128774,122,338,4.2096546013,9
9662,"Schweinfurt, Stadt",15948,66,290,4.1384499624,67,331,4.2011537497,24,175,1.5048908954,62,358,3.8876348131,44
8212,"Karlsruhe, Stadt",51059,211,291,4.1324741965,155,389,3.0357037937,51,274,0.998844474,194,363,3.7995260385,16
9573,"Fürth, Kreis",25659,105,292,4.0921314159,156,213,6.0797381036,13,371,0.506644842,152,241,5.923847383,-3
8126,Hohenlohekreis,22972,94,293,4.0919380115,124,265,5.3978756747,60,74,2.6118753265,118,287,5.1366881421,68
9186,Pfaffenhofen a.d.Ilm,23478,96,294,4.0889343215,141,218,6.0056222847,85,42,3.6204105972,107,324,4.5574580458,-33
8235,Calw,29845,121,295,4.054280449,149,286,4.9924610488,45,174,1.5077902496,144,306,4.8249287988,-26
8417,Zollernalbkreis,34842,140,296,4.0181390276,260,133,7.4622581941,99,67,2.8413983124,137,356,3.9320360484,27
9661,"Aschaffenburg, Stadt",12979,52,297,4.0064719932,53,340,4.0835195316,24,135,1.8491409199,49,364,3.7753293782,-16
12066,Oberspreewald-Lausitz,33288,133,298,3.99543379,167,285,5.0168228791,33,275,0.9913482336,201,233,6.0382119683,34
7336,Kusel,18611,74,299,3.9761431412,152,106,8.1672129386,84,25,4.5134597818,137,160,7.3612379775,-40
1058,Rendsburg-Eckernförde,52610,209,300,3.9726287778,156,392,2.9652157385,49,288,0.9313818666,369,187,7.013875689,77
9177,Erding,26870,106,301,3.9449199851,102,354,3.79605508,34,217,1.2653516933,129,308,4.8008931894,23
9176,Eichstätt,24438,96,302,3.9283083722,145,225,5.9333824372,102,28,4.1738276455,124,290,5.0740649808,-33
16067,Gotha,38475,151,303,3.9246263808,409,32,10.6302794022,82,111,2.1312540611,349,98,9.0708252112,21
10042,Merzig-Wadern,25649,100,304,3.8987874771,123,297,4.7955085968,8,389,0.3119029982,141,267,5.4972903427,-25
6631,Fulda,50460,196,305,3.8842647642,246,292,4.8751486326,23,378,0.4558065795,221,329,4.3797066984,17
8111,Stuttgart,112673,436,306,3.869604963,511,311,4.5352480186,89,324,0.7898964259,626,263,5.5559007038,-12
8416,Tübingen,32600,126,307,3.8650306748,146,316,4.4785276074,75,93,2.3006134969,133,343,4.0797546012,-11
9673,Rhön-Grabfeld,20469,79,308,3.8594948459,106,274,5.1785627046,10,372,0.4885436514,55,395,2.6869900826,5
8211,Baden-Baden,11748,45,309,3.8304392237,69,230,5.873340143,7,358,0.5958461015,45,360,3.8304392237,-25
7311,Frankenthal (Pfalz),11044,42,310,3.8029699384,79,150,7.1532053604,10,293,0.905469033,56,292,5.0706265846,14
3457,Leer,37007,139,311,3.7560461534,87,398,2.3509065852,21,361,0.5674602102,220,237,5.94482125,38
8116,Esslingen,93260,350,312,3.7529487454,422,312,4.5249839159,42,380,0.4503538495,442,312,4.73943813,29
16070,Ilm-Kreis,28009,105,313,3.7487950302,345,15,12.3174693848,82,64,2.9276304045,158,259,5.6410439502,94
8326,Schwarzwald-Baar-Kreis,38845,145,314,3.7327841421,273,156,7.0279315227,183,22,4.7110310207,133,372,3.4238640752,16
1057,Plön,26634,97,315,3.6419614027,126,303,4.7307952241,33,222,1.2390177968,184,192,6.908462867,-13
16075,Saale-Orla-Kreis,21395,77,316,3.5989717224,95,318,4.4402897873,33,167,1.5424164524,65,387,3.0380930124,-15
16051,"Erfurt, Stadt",45112,162,317,3.5910622451,421,61,9.332328427,99,100,2.1945380387,319,178,7.0712892357,32
14625,Bautzen,75212,270,318,3.5898526831,731,48,9.7191937457,239,56,3.1776844121,470,222,6.2490028187,79
9674,Haßberge,21803,78,319,3.5774893363,74,374,3.3940283447,31,192,1.421822685,135,225,6.1918084667,7
9773,Dillingen a.d.Donau,19623,70,320,3.5672425215,113,234,5.7585486419,31,165,1.579778831,100,289,5.096060745,35
14511,"Chemnitz, Stadt",55861,199,321,3.5624138487,612,29,10.9557652029,121,105,2.1660908326,401,171,7.1785324287,165
8436,Ravensburg,49743,175,322,3.5180829463,270,260,5.4278994029,73,186,1.4675431719,229,322,4.6036628269,7
8437,Sigmaringen,22838,80,323,3.502933707,122,271,5.3419739031,52,98,2.2769069095,94,341,4.1159471057,-1
13076,Ludwigslust-Parchim,56856,199,324,3.5000703532,280,289,4.924722105,100,141,1.7588293232,367,213,6.4549036162,-
6411,"Darmstadt, Wissenschaftsstadt",27796,96,325,3.4537343503,184,174,6.6196575047,40,190,1.4390559793,132,310,4.7488847316,3
16073,Saalfeld-Rudolstadt,29718,101,326,3.3986136348,167,246,5.6194898715,48,161,1.6151827175,80,394,2.6919711959,33
8336,Lörrach,41603,138,327,3.3170684806,164,349,3.9420234118,49,232,1.1777996779,168,348,4.0381703243,-27
9263,Straubing,10872,36,328,3.3112582781,41,357,3.7711552612,9,315,0.8278145695,43,354,3.9551140545,-36
8136,Ostalbkreis,57847,190,329,3.2845264232,333,235,5.7565647311,141,81,2.4374643456,176,386,3.0425086867,20
9271,Deggendorf,24557,79,330,3.2170053345,232,59,9.447408071,19,328,0.7737101437,161,206,6.5561754286,-21
7312,"Kaiserslautern, kreisfreie Stadt",19094,61,331,3.1947208547,247,10,12.936000838,136,5,7.1226563318,122,217,6.3894417094,74
9175,Ebersberg,28733,91,332,3.1670901055,257,74,8.9444193088,13,379,0.4524414436,130,325,4.5244144364,3
8127,Schwäbisch Hall,36653,116,333,3.1648159769,253,160,6.9025727771,142,34,3.874171282,143,357,3.9014541784,107
9162,"München, Landeshauptstadt",289802,916,334,3.1607787386,1211,332,4.1787151227,392,201,1.3526476698,1184,342,4.0855480639,-24
16063,Wartburgkreis,35889,113,335,3.1485970632,204,241,5.6841929282,40,243,1.114547633,123,371,3.4272339714,-4
7335,"Kaiserslautern, Kreis",22337,70,336,3.1338138515,184,104,8.2374535524,86,36,3.8501141604,112,297,5.0141021623,-20
9672,Bad Kissingen,28410,89,337,3.1326997536,114,345,4.0126715945,51,138,1.7951425554,133,317,4.6814501936,-35
12071,Spree-Neiße,31694,99,338,3.1236196125,254,112,8.0141351675,30,285,0.9465513977,188,238,5.9317220925,32
6432,Darmstadt-Dieburg,55743,174,339,3.1214681664,334,219,5.9917837217,120,107,2.1527366665,259,319,4.6463233052,16
16062,Nordhausen,22779,71,340,3.1169059221,363,2,15.9357302779,139,13,6.102111594,180,146,7.9020150138,-3
9778,Unterallgäu,29831,92,341,3.0840400925,287,54,9.6208642017,109,39,3.6539170661,149,298,4.9948040629,-18
9184,"München, Kreis",59744,184,342,3.0798071773,238,346,3.9836636315,85,191,1.4227370112,242,346,4.0506159614,-30
9776,Lindau,16289,50,343,3.0695561422,91,249,5.5865921788,19,234,1.166431334,80,303,4.9112898275,28
5114,"Krefeld, Stadt",52296,160,344,3.0595074193,304,232,5.8130640967,71,199,1.3576564173,608,33,11.6261281934,-5
9561,"Ansbach, Stadt",9882,30,345,3.035822708,74,128,7.4883626796,25,78,2.5298522566,48,304,4.8573163327,30
9571,"Ansbach, Kreis",40604,122,346,3.0046300857,279,162,6.8712442124,61,177,1.5023150429,231,255,5.6890946705,-5
7231,Bernkastel-Wittlich,27965,83,347,2.9679957089,99,369,3.54013946,12,383,0.4291078133,150,273,5.3638476667,34
8325,Rottweil,29429,87,348,2.9562676272,163,254,5.53875429,119,31,4.0436304326,112,362,3.8057698189,-18
8231,Pforzheim,25923,76,349,2.9317594414,192,136,7.4065501678,51,127,1.9673648883,88,373,3.3946688269,-16
7333,Donnersbergkreis,18823,54,350,2.8688306859,183,47,9.7221484354,70,37,3.7188545928,87,320,4.6220049939,15
8311,Freiburg im Breisgau,36382,101,351,2.7760980705,328,70,9.0154471992,50,197,1.3743059755,113,384,3.1059315046,-19
7235,Trier-Saarburg,35094,97,352,2.7640052431,128,362,3.6473471249,0,400,0,160,323,4.5591839061,-22
9774,Günzburg,25843,71,353,2.7473590527,154,221,5.9590604806,45,143,1.7412839067,79,385,3.0569206361,13
9180,Garmisch-Partenkirchen,20046,55,354,2.7436895141,61,388,3.0430010975,12,356,0.5986231667,80,352,3.9908211114,-28
16066,Schmalkalden-Meiningen,35735,97,355,2.7144256331,223,196,6.2403805793,32,296,0.8954806212,94,397,2.6304743249,-38
9678,"Schweinfurt, Kreis",26953,73,356,2.7084183579,61,400,2.2631989018,29,252,1.0759470189,70,398,2.5971134939,1
8216,Rastatt,44883,118,357,2.6290577724,198,320,4.4114698215,30,342,0.6684045184,136,388,3.0301004835,-29
9775,Neu-Ulm,33004,85,358,2.5754454006,154,306,4.6661010787,42,216,1.2725730215,79,401,2.3936492546,5
9173,Bad Tölz-Wolfratshausen,28274,72,359,2.5465091604,139,290,4.9161774068,28,276,0.9903091179,142,296,5.0222819552,-15
16056,"Eisenach, Stadt",12269,31,360,2.526693292,84,164,6.8465237591,18,187,1.4671122341,40,378,3.2602494091,-9
9779,Donau-Ries,29717,75,361,2.5238079214,73,395,2.4565063768,32,251,1.0768247131,86,389,2.8939664165,4
8426,Biberach,36876,93,362,2.521965506,160,324,4.3388653867,22,357,0.5965939907,116,381,3.1456774054,48
8327,Tuttlingen,26290,66,363,2.510460251,182,158,6.9227843286,82,58,3.1190566755,61,402,2.3202738684,10
8118,Ludwigsburg,96057,240,364,2.4985165058,825,92,8.5886504888,232,84,2.4152326223,463,307,4.8200547592,15
8415,Reutlingen,46141,114,365,2.4706876747,399,90,8.6474068616,65,195,1.4087254286,219,311,4.7463210594,143
8315,Breisgau-Hochschwarzwald,46677,115,366,2.4637401718,294,190,6.2986053088,103,99,2.2066542408,151,380,3.2349979647,-33
9174,Dachau,30228,74,367,2.4480614,246,107,8.1381500595,77,77,2.5473071325,168,262,5.5577610163,-46
8337,Waldshut,32168,78,368,2.4247699577,123,352,3.8236757026,66,119,2.0517284258,166,285,5.1604078587,-14
9171,Altötting,24884,60,369,2.4111879119,74,391,2.9737984247,17,341,0.6831699084,84,374,3.3756630767,3
9187,"Rosenheim, Kreis",49872,119,370,2.3861084376,179,366,3.5891883221,33,343,0.6616939365,139,393,2.7871350658,-13
8316,Emmendingen,31255,73,371,2.3356262998,207,173,6.6229403295,42,204,1.3437849944,137,328,4.3832986722,-37
9178,Freising,34888,80,372,2.2930520523,342,44,9.8027975235,73,115,2.0924099977,141,347,4.0415042421,-4
8119,Rems-Murr-Kreis,76822,176,373,2.2910103876,181,396,2.35609591,63,319,0.8200775819,279,367,3.6317721486,29
9771,Aichach-Friedberg,25421,58,374,2.2815782227,114,315,4.4844813343,31,224,1.2194642225,103,345,4.0517682231,29
14626,Görlitz,72989,165,375,2.2606146132,652,75,8.9328528956,47,345,0.6439326474,434,235,5.9461014673,96
16072,Sonneberg,16714,37,376,2.2137130549,156,60,9.3334928802,29,144,1.7350723944,117,188,7.0001196602,37
9772,"Augsburg, Kreis",51377,113,377,2.1994277595,225,321,4.3793915565,54,264,1.0510539736,185,368,3.6008330576,-18
7134,Birkenfeld,23522,51,378,2.1681829776,145,202,6.1644417992,30,215,1.2754017516,101,333,4.2938525636,6
9163,Rosenheim,12016,26,379,2.1637816245,42,372,3.4953395473,2,397,0.1664447403,34,391,2.8295605859,4
9563,"Fürth, Stadt",26805,57,380,2.1264689424,149,252,5.5586644283,14,367,0.5222906174,109,344,4.0664055214,-64
9577,Weißenburg-Gunzenhausen,21678,45,381,2.0758372544,160,138,7.3807546822,23,260,1.0609834856,83,361,3.8287664914,-15
9276,Regen,18994,39,382,2.0532799832,98,276,5.1595240602,20,263,1.0529640939,126,202,6.6336737917,-25
8317,Ortenaukreis,80234,164,383,2.0440212379,269,376,3.3526933719,184,95,2.2932921205,276,370,3.4399381808,-31
9179,Fürstenfeldbruck,44968,91,384,2.0236612702,213,301,4.7367016545,48,257,1.067425725,129,390,2.8687066358,-39
9188,Starnberg,26717,54,385,2.0211850133,110,336,4.1172287308,43,162,1.6094621402,84,382,3.1440655762,-27
9761,"Augsburg, Stadt",60405,120,386,1.986590514,244,342,4.0394007119,59,278,0.9767403361,159,396,2.6322324311,-24
9277,Rottal-Inn,27911,50,387,1.7914084053,239,93,8.5629321773,192,6,6.8790082763,254,97,9.1003546989,-4
12052,"Cottbus, Stadt",21215,38,388,1.791185482,191,72,9.0030638699,35,153,1.6497761018,122,253,5.7506481263,-21
9190,Weilheim-Schongau,29555,52,389,1.7594315683,187,186,6.3271866013,64,106,2.1654542379,125,336,4.2294028083,-18
9762,Kaufbeuren,10356,18,390,1.7381228273,52,283,5.0212437234,14,202,1.3518733102,60,250,5.7937427578,-44
9275,"Passau, Kreis",44125,76,391,1.7223796034,227,278,5.1444759207,34,329,0.7705382436,278,220,6.3002832861,-41
7211,"Trier, kreisfreie Stadt",22745,36,392,1.582765443,85,359,3.7370850736,17,333,0.7474170147,96,337,4.2207078479,100
9777,Ostallgäu,29350,46,393,1.5672913118,160,257,5.4514480409,49,149,1.6695059625,148,295,5.0425894378,-38
9764,Memmingen,9155,13,394,1.419989077,69,125,7.536865101,28,60,3.058438012,40,331,4.36919716,18
9262,"Passau, Stadt",10949,14,395,1.278655585,36,377,3.2879715042,5,377,0.4566627089,54,301,4.9319572564,-53
9780,Oberallgäu,28068,35,396,1.2469716403,122,323,4.3465868605,37,209,1.3182271626,105,365,3.7409149209,-65
9763,Kempten,12488,13,397,1.0409993594,62,287,4.9647661755,16,213,1.2812299808,31,399,2.4823830878,0
9182,Miesbach,20694,21,398,1.0147868948,31,402,1.4980187494,12,359,0.5798782256,51,400,2.4644824587,-46
13004,Schwerin,24331,19,399,0.7808967983,182,130,7.4801693313,83,49,3.4112860137,120,300,4.9319797789,111
9181,Landsberg am Lech,22908,15,400,0.6547930854,140,209,6.1114021303,50,103,2.182643618,75,377,3.2739654269,-55
9189,Traunstein,38930,24,401,0.6164911379,472,17,12.1243257128,303,3,7.7832006165,109,392,2.7998972515,-8
9172,Berchtesgadener Land,22548,10,402,0.4434983147,305,8,13.5266985985,218,1,9.6682632606,90,351,3.9914848324,-9
