AGS,Kreis/Stadt,patienten_2013,summe_diagnosen,diagnosen_pro_1000,mre_2013,esbl_2013,vre_2013,mrsa_2013,change_percent
03255,Holzminden,19791,1084,54.7723712799,186,329,134,435,18
03153,Goslar,35933,1843,51.2899006484,590,332,131,790,35
09479,Wunsiedel i.Fichtelgebirge,19175,890,46.4146023468,380,159,15,336,153
05113,"Essen, Stadt",146119,5989,40.9871406183,1487,1817,1000,1685,-5
03101,"Braunschweig, Stadt",49515,1924,38.8569120469,407,510,354,653,2
05117,"Mülheim an der Ruhr, Stadt",41336,1602,38.7555641572,419,462,262,459,-13
03459,"Osnabrück, Kreis",80397,3086,38.3845168352,908,625,311,1242,24
05762,Höxter,36990,1404,37.9562043796,169,360,225,650,26
03241,Region Hannover,242124,9189,37.9516280914,2284,2135,1509,3261,26
16068,Sömmerda,19064,708,37.1380612673,231,217,44,216,166
03453,Cloppenburg,35164,1285,36.5430553976,435,209,12,629,110
03405,"Wilhelmshaven, Stadt",21293,772,36.2560465881,270,186,8,308,113
03256,Nienburg,26658,964,36.1617525696,334,260,26,344,58
14713,"Leipzig, Stadt",103178,3693,35.792513908,1742,1079,240,632,270
03152,Göttingen,54666,1954,35.7443383456,623,569,143,619,-1
05770,Minden-Lübbecke,68522,2438,35.5798137824,820,738,73,807,95
03157,Peine,28183,999,35.4469006138,307,210,30,452,39
09461,"Bamberg, Stadt",16774,592,35.2927149159,140,152,17,283,40
07332,Bad Dürkheim,30188,1063,35.212667285,271,443,121,228,53
09377,Tirschenreuth,19418,680,35.0190544855,236,241,23,180,162
16065,Kyffhäuserkreis,22273,775,34.7954923001,219,256,44,256,119
05513,"Gelsenkirchen, Stadt",77205,2674,34.635062496,994,639,76,965,11
16052,"Gera, Stadt",26695,923,34.5757632515,277,349,58,239,33
03455,Friesland,22576,775,34.3284904323,254,185,21,315,30
09462,"Bayreuth, Stadt",15958,547,34.2774783807,237,116,24,170,35
03156,Osterode am Harz,22843,780,34.1461279166,165,220,94,301,-46
06531,Gießen,54297,1853,34.1271156786,847,483,89,434,28
05558,Coesfeld,51114,1742,34.0806823962,639,277,106,720,42
09464,"Hof, Stadt",11905,402,33.7673246535,129,119,15,139,-14
11000,Berlin,674835,22765,33.7341720569,9011,4906,1640,7208,32
16055,"Weimar, Stadt",15631,525,33.5871025526,139,229,61,96,31
03251,Diepholz,43855,1457,33.2231216509,552,245,36,624,71
16062,Nordhausen,22779,753,33.0567628078,71,363,139,180,-3
03155,Northeim,36706,1212,33.0191249387,354,275,77,506,12
06635,Waldeck-Frankenberg,44049,1427,32.3957411065,385,450,114,478,107
03461,Wesermarsch,20812,674,32.3851624063,269,101,13,291,56
08221,Heidelberg,19907,638,32.0490279801,237,158,125,118,-3
09272,Freyung-Grafenau,19654,624,31.7492622367,126,189,182,127,26
12060,Barnim,42647,1345,31.5379745351,370,444,136,395,45
03404,"Osnabrück, Stadt",32761,1028,31.3787735417,353,182,111,382,6
16071,Weimarer Land,20838,651,31.2410020155,210,232,71,138,74
09478,Lichtenfels,18143,566,31.1966047511,116,227,27,196,2
03252,Hameln-Pyrmont,36964,1152,31.1654582837,329,321,65,437,19
10041,Regionalverband Saarbrücken,82238,2560,31.1291617014,813,764,204,779,-8
06533,Limburg-Weilburg,37885,1170,30.8829351986,372,224,188,386,-5
05911,"Bochum, Stadt",97180,2971,30.572134184,1010,715,251,995,27
13073,Vorpommern-Rügen,55645,1700,30.5508131908,499,317,102,782,
14523,Vogtlandkreis,64512,1969,30.521453373,723,455,138,653,221
09463,"Coburg, Stadt",9721,296,30.4495422282,43,115,49,89,-56
03352,Cuxhaven,46509,1399,30.0801995313,428,364,99,508,41
15084,Burgenlandkreis,50245,1510,30.0527415663,291,641,256,322,57
09475,"Hof, Kreis",24116,723,29.9800962017,228,232,21,242,20
07318,"Speyer, kreisfreie Stadt",10615,318,29.9576071597,66,147,12,93,16
03456,Grafschaft Bentheim,29623,883,29.807919522,334,131,31,387,17
07312,"Kaiserslautern, kreisfreie Stadt",19094,566,29.6428197339,61,247,136,122,74
03454,Emsland,69144,2045,29.5759574222,681,243,103,1018,31
04011,"Bremen, Stadt",106478,3131,29.4051353331,1192,570,121,1248,50
09373,Neumarkt i.d.OPf.,27370,801,29.2656192912,252,218,99,232,9
15002,Halle,54903,1606,29.2515891663,513,658,47,388,31
09472,"Bayreuth, Kreis",23848,696,29.1848373029,268,124,27,277,46
06535,Vogelsbergkreis,28572,830,29.0494190116,271,248,31,280,67
01003,"Lübeck, Hansestadt",46544,1352,29.0477827432,453,275,84,540,32
05916,"Herne, Stadt",49404,1433,29.0057485224,465,370,135,463,-5
12054,"Potsdam, Stadt",31230,904,28.9465257765,366,263,19,256,34
05566,Steinfurt,100165,2896,28.9122947137,922,626,157,1191,9
05116,"Mönchengladbach, Stadt",61373,1772,28.8726312874,651,248,50,823,-13
09471,"Bamberg, Kreis",32267,928,28.7600334707,236,310,34,348,50
03158,Wolfenbüttel,26636,766,28.7580717826,228,151,83,304,59
14521,Erzgebirgskreis,92643,2661,28.72316311,620,1135,296,610,233
16053,"Jena, Stadt",20778,594,28.5879295409,144,230,104,116,37
14627,Meißen,58115,1647,28.3403596318,364,580,277,426,15
13003,Rostock,40683,1149,28.2427549591,367,236,122,424,19
09476,Kronach,16562,467,28.1970776476,146,144,22,155,10
05766,Lippe,74094,2087,28.1669230977,566,400,340,781,81
08222,Mannheim,58039,1631,28.1017936215,508,638,62,423,11
16054,"Suhl, Stadt",12099,339,28.0188445326,93,170,13,63,139
09473,"Coburg, Kreis",21234,592,27.8798153904,111,218,75,188,-23
07314,"Ludwigshafen am Rhein, kreisfreie Stadt",36408,1014,27.8510217535,187,518,50,259,-16
15003,"Magdeburg, Landeshauptstadt",53436,1482,27.7341118347,528,405,107,442,48
03103,"Wolfsburg, Stadt",25039,694,27.7167618515,187,230,40,237,-8
09172,Berchtesgadener Land,22548,623,27.6299450062,10,305,218,90,-9
10043,Neunkirchen,36013,992,27.5456085303,287,280,59,366,-11
09376,Schwandorf,36474,1000,27.4167900422,338,325,63,274,28
12069,Potsdam-Mittelmark,39063,1068,27.3404500422,406,252,53,357,13
16077,Altenburger Land,26864,732,27.2483621203,281,256,38,157,111
08226,Rhein-Neckar-Kreis,96692,2617,27.0653208125,813,895,357,552,-2
09161,Ingolstadt,24385,657,26.9427927004,129,219,161,148,-24
03460,Vechta,31143,838,26.9081334489,287,96,23,432,226
12053,Frankfurt,15810,425,26.8817204301,89,158,3,175,-15
09374,Neustadt a.d.Waldnaab,21775,585,26.8656716418,201,203,18,163,128
05562,Recklinghausen,177047,4727,26.6991250911,1484,1252,292,1699,6
05162,Rhein-Kreis Neuss,97680,2606,26.678951679,908,598,85,1015,77
06440,Wetteraukreis,64023,1702,26.5841963045,645,414,52,591,37
13075,Vorpommern-Greifswald,62790,1668,26.5647396082,601,387,308,372,
07319,"Worms, kreisfreie Stadt",19288,512,26.5450020738,140,161,82,129,51
05758,Herford,57742,1532,26.5318139309,566,293,66,607,8
14729,"Leipzig, Kreis",63664,1684,26.4513696909,630,613,118,323,172
05112,"Duisburg, Stadt",122736,3234,26.3492373876,760,616,388,1470,-4
09277,Rottal-Inn,27911,735,26.3337035577,50,239,192,254,-4
01004,"Neumünster, Stadt",17175,450,26.2008733624,112,96,26,216,84
05512,"Bottrop, Stadt",31598,826,26.1408949934,200,266,63,297,70
05954,Ennepe-Ruhr-Kreis,89068,2311,25.9464678672,553,675,150,933,-3
03355,Lüneburg,32523,840,25.8278756572,355,105,71,309,28
16067,Gotha,38475,991,25.7569850552,151,409,82,349,21
07338,Rhein-Pfalz-Kreis,31280,799,25.5434782609,176,373,56,194,13
05370,Heinsberg,56804,1450,25.5263713823,284,409,201,556,-45
15087,Mansfeld-Südharz,40963,1044,25.4864145692,201,452,76,315,23
03359,Stade,39427,1003,25.439419687,213,382,222,186,113
06611,"Kassel, Stadt",50056,1273,25.4315167013,429,315,24,505,22
05913,"Dortmund, Stadt",143223,3625,25.3101806274,1059,1251,121,1194,-17
06534,Marburg-Biedenkopf,47588,1200,25.2164411196,453,258,52,437,58
05914,"Hagen, Stadt",50253,1264,25.1527272004,376,370,77,441,23
03254,Hildesheim,59813,1503,25.1283165867,443,370,46,644,22
12073,Uckermark,36512,915,25.060254163,217,304,148,246,67
09363,Weiden i.d.OPf.,10178,254,24.9557869916,94,86,8,66,96
09371,Amberg-Sulzbach,23948,597,24.9290128612,224,175,28,170,-8
12072,Teltow-Fläming,39236,976,24.8751146906,315,203,51,407,50
16061,Eichsfeld,26724,662,24.7717407574,154,290,44,174,18
07316,"Neustadt an der Weinstraße, kreisfreie Stadt",10916,270,24.7343349212,78,111,32,49,70
05974,Soest,79965,1975,24.6983055087,665,477,83,750,16
10045,Saarpfalz-Kreis,35530,877,24.6833661694,280,222,43,332,-17
03360,Uelzen,22799,562,24.6502039563,247,86,34,195,-10
16070,Ilm-Kreis,28009,690,24.6349387697,105,345,82,158,94
05915,"Hamm, Stadt",48316,1189,24.6088252339,377,263,44,505,-7
10046,St. Wendel,22698,558,24.5836637589,147,151,35,225,41
07141,Rhein-Lahn-Kreis,29639,726,24.4947535342,218,209,60,239,-6
07331,Alzey-Worms,27650,677,24.4846292948,178,240,64,195,46
06412,"Frankfurt am Main, Stadt",134841,3300,24.4732685163,796,1258,379,867,-1
05111,"Düsseldorf, Stadt",128715,3143,24.4182884668,974,971,110,1088,1
05170,Wesel,119372,2898,24.2770498944,820,773,273,1032,56
06636,Werra-Meißner-Kreis,29091,703,24.1655494827,225,215,24,239,3
07143,Westerwaldkreis,47680,1146,24.0352348993,320,365,37,424,36
07315,"Mainz, kreisfreie Stadt",36175,869,24.0221147201,254,330,30,255,5
07336,Kusel,18611,447,24.0180538391,74,152,84,137,-40
01060,Segeberg,58264,1394,23.9255801181,448,399,43,504,55
05978,Unna,108778,2599,23.8926988913,795,721,103,980,0
01055,Ostholstein,46134,1102,23.88693805,265,337,76,424,2
14511,"Chemnitz, Stadt",55861,1333,23.8628023129,199,612,121,401,165
03154,Helmstedt,20517,488,23.7851537749,128,129,47,184,-17
05570,Warendorf,67424,1602,23.7600854295,447,375,75,705,4
12065,Oberhavel,45573,1076,23.6104711123,404,244,61,367,45
05315,"Köln, Stadt",215417,5086,23.6100214932,1659,1343,319,1765,-6
03462,Wittmund,11959,282,23.580566937,67,85,3,127,131
03257,Schaumburg,33412,786,23.524482222,216,250,78,242,10
06413,"Offenbach am Main, Stadt",25784,606,23.5029475644,179,165,112,150,-10
07138,Neuwied,49927,1173,23.4943016805,389,257,57,470,-1
07317,"Pirmasens, kreisfreie Stadt",11080,260,23.4657039711,57,90,17,96,-42
09189,Traunstein,38930,908,23.3239147187,24,472,303,109,-8
06633,"Kassel, Kreis",56660,1321,23.3145075891,485,266,34,536,39
06434,Hochtaunuskreis,44567,1035,23.2234613055,337,290,59,349,15
03102,"Salzgitter, Stadt",24985,580,23.213928357,169,186,42,183,21
13072,Landkreis Rostock,45046,1043,23.1541091329,329,219,72,423,
15081,Altmarkkreis Salzwedel,23292,535,22.9692598317,139,174,70,152,-18
06532,Lahn-Dill-Kreis,63597,1457,22.9098856864,674,226,30,527,30
12064,Märkisch-Oderland,47192,1077,22.8216646889,308,284,66,419,7
09477,Kulmbach,20471,467,22.8127595135,105,136,11,215,18
01061,Steinburg,27864,635,22.7892621303,247,159,12,217,-16
14625,Bautzen,75212,1710,22.7357336595,270,731,239,470,79
15082,Anhalt-Bitterfeld,47327,1076,22.7354364316,356,418,58,244,16
03358,Heidekreis,30428,688,22.6107532536,264,132,22,270,-7
14522,Mittelsachsen,75478,1706,22.6026126818,474,547,113,572,86
07233,Vulkaneifel,17123,387,22.6011796998,96,166,6,119,35
09565,Schwabach,8451,191,22.600875636,55,57,,79,25
03151,Gifhorn,36300,820,22.5895316804,272,186,54,308,-26
05158,Mettmann,111781,2512,22.4725132178,684,715,130,983,3
06436,Main-Taunus-Kreis,40077,900,22.4567707164,260,227,186,227,14
05314,"Bonn, Stadt",63501,1426,22.4563392702,467,373,79,507,42
05119,"Oberhausen, Stadt",55670,1248,22.4178192923,429,230,99,490,23
05124,"Wuppertal, Stadt",80535,1802,22.3753647482,371,439,61,931,16
06632,Hersfeld-Rotenburg,34862,780,22.3739315013,258,159,33,330,235
16076,Greiz,27434,613,22.3445359773,214,201,46,152,-7
09375,"Regensburg, Kreis",35324,789,22.3360887782,321,171,103,194,27
05554,Borken,84063,1873,22.2809083663,541,479,129,724,-13
03351,Celle,35542,791,22.2553598559,293,141,31,326,28
09261,"Landshut, Stadt",18840,419,22.2399150743,100,153,29,137,-7
15088,Saalekreis,47022,1045,22.2236399983,290,457,78,220,3
16051,"Erfurt, Stadt",45112,1001,22.1892179464,162,421,99,319,32
14730,Nordsachsen,51729,1147,22.1732490479,411,461,76,199,76
07111,"Koblenz, kreisfreie Stadt",24518,542,22.1062076842,167,155,40,180,24
03402,"Emden, Stadt",10501,232,22.0931339872,46,67,17,102,0
09572,Erlangen-Höchstadt,25587,565,22.0815257748,198,144,26,197,32
06439,Rheingau-Taunus-Kreis,34748,765,22.0156555773,293,135,29,308,18
07313,"Landau in der Pfalz, kreisfreie Stadt",11227,247,22.0005344259,51,135,24,37,19
16074,Saale-Holzland-Kreis,19422,426,21.9338894038,96,172,64,94,41
08128,Main-Tauber-Kreis,28399,622,21.9021796542,173,194,81,174,71
03452,Aurich,43016,941,21.8755811791,378,155,26,382,117
05114,"Krefeld, Stadt",52296,1143,21.8563561267,160,304,71,608,-5
12067,Oder-Spree,50015,1086,21.7134859542,226,241,45,574,5
15083,Börde,43558,944,21.6722530878,346,267,72,259,20
06438,"Offenbach, Kreis",68662,1488,21.6713757246,412,469,230,377,7
12063,Havelland,37482,812,21.6637319247,214,280,128,190,40
06634,Schwalm-Eder-Kreis,46732,1011,21.6339981169,374,214,29,394,19
04012,"Bremerhaven, Stadt",28606,617,21.568901629,221,106,34,256,-2
07137,Mayen-Koblenz,48038,1034,21.5246263375,345,293,52,344,79
01051,Dithmarschen,30391,651,21.420815373,232,103,4,312,-15
09279,Dingolfing-Landau,20425,437,21.3953488372,106,176,49,106,38
09778,Unterallgäu,29831,637,21.3536254232,92,287,109,149,-18
15089,Salzlandkreis,61405,1311,21.3500529273,466,373,89,383,-11
05515,"Münster, Stadt",56913,1214,21.3308031557,430,229,61,494,45
09372,Cham,30351,647,21.3172547857,239,125,37,246,11
09274,"Landshut, Kreis",27362,580,21.1972809005,138,213,51,178,41
07132,Altenkirchen (Westerwald),32413,687,21.195199457,202,224,4,257,19
10044,Saarlouis,50477,1067,21.1383402342,289,340,61,377,-9
14524,Zwickau,85990,1812,21.0722176997,407,749,312,344,119
03356,Osterholz,22026,464,21.0660128939,154,134,23,153,51
09676,Miltenberg,25900,544,21.0038610039,121,229,48,146,-18
12070,Prignitz,23986,503,20.9705661636,104,193,83,123,-6
07337,Südliche Weinstraße,23558,494,20.9695220307,125,237,26,106,4
07333,Donnersbergkreis,18823,394,20.931838708,54,183,70,87,15
14628,Sächsische Schweiz-Osterzgebirge,52016,1086,20.8781913257,346,318,49,373,30
08115,Böblingen,63283,1321,20.8744844587,347,529,105,340,-7
05120,"Remscheid, Stadt",28891,602,20.8369388391,146,190,37,229,-32
03361,Verden,26285,547,20.8103481073,170,144,15,218,33
07334,Germersheim,27004,561,20.7747000444,186,186,30,159,86
03458,"Oldenburg, Kreis",24300,503,20.6995884774,192,64,16,231,39
07140,Rhein-Hunsrück-Kreis,24834,509,20.4960940646,159,150,14,186,87
05358,Düren,64506,1320,20.4632127244,512,265,63,480,19
12068,Ostprignitz-Ruppin,28787,588,20.425886685,226,171,42,149,30
05774,Paderborn,74049,1510,20.3919026591,376,375,171,588,25
05962,Märkischer Kreis,115874,2361,20.3755803718,653,624,266,818,7
07320,"Zweibrücken, kreisfreie Stadt",9681,197,20.3491374858,56,60,13,68,-21
01062,Stormarn,47713,970,20.3298891287,320,272,42,336,58
15091,Wittenberg,35056,712,20.310360566,218,284,33,177,116
09273,Kelheim,25462,517,20.3047678894,214,121,48,134,-12
16072,Sonneberg,16714,339,20.2823979897,37,156,29,117,37
16069,Hildburghausen,18803,381,20.2627240334,125,161,17,78,89
07335,"Kaiserslautern, Kreis",22337,452,20.2354837266,70,184,86,112,-20
03354,Lüchow-Dannenberg,12804,259,20.2280537332,89,54,26,90,19
05374,Oberbergischer Kreis,61364,1232,20.0769180627,441,234,50,507,17
07131,Ahrweiler,33099,662,20.0006042479,158,194,40,270,4
09271,Deggendorf,24557,491,19.9942989779,79,232,19,161,-21
07133,Bad Kreuznach,40932,818,19.9843643115,273,243,21,281,23
09663,"Würzburg, Stadt",25021,498,19.9032812438,191,106,66,135,93
07340,Südwestpfalz,26244,519,19.7759487883,148,168,51,152,-23
08121,"Heilbronn, Stadt",23537,465,19.7561286485,106,173,85,101,25
05166,Viersen,70447,1387,19.6885601942,486,253,54,594,19
09564,Nürnberg,108798,2142,19.6878619092,582,912,110,538,-23
05122,"Solingen, Stadt",39282,773,19.678224123,222,248,42,261,12
15085,Harz,61020,1199,19.649295313,376,407,61,355,90
01002,"Kiel, Landeshauptstadt",48454,949,19.5855863293,257,199,116,377,16
12051,"Brandenburg an der Havel, Stadt",19000,372,19.5789473684,127,105,5,135,-21
01001,"Flensburg, Stadt",16653,324,19.4559538822,96,58,4,166,43
05958,Hochsauerlandkreis,72915,1415,19.406157855,473,239,52,651,8
09574,Nürnberger Land,36692,706,19.241251499,213,238,52,203,-1
07135,Cochem-Zell,16328,313,19.1695247428,74,129,10,100,57
09176,Eichstätt,24438,467,19.1095834356,96,145,102,124,-33
13074,Nordwestmecklenburg,37959,724,19.0732105693,184,162,41,337,
05966,Olpe,32874,627,19.0728235079,163,205,34,225,-16
09183,Mühldorf a.Inn,23843,453,18.9992870025,156,73,20,204,-4
06414,"Wiesbaden, Landeshauptstadt",52851,1004,18.9968023311,447,173,25,359,10
09361,Amberg,9426,179,18.9900275833,74,42,3,60,30
08125,"Heilbronn, Kreis",61598,1167,18.9454203059,287,364,167,349,24
06431,Bergstraße,54563,1032,18.9139160237,315,289,113,315,-8
08326,Schwarzwald-Baar-Kreis,38845,734,18.8956107607,145,273,183,133,16
08215,"Karlsruhe, Kreis",81022,1530,18.8837599664,346,647,109,428,27
01053,Herzogtum Lauenburg,39030,737,18.8829105816,213,184,29,311,113
14612,"Dresden, Stadt",98823,1861,18.8316485029,545,616,123,577,48
05366,Euskirchen,44384,832,18.7454938717,299,168,43,322,40
09174,Dachau,30228,565,18.6912796083,74,246,77,168,-46
12061,Dahme-Spreewald,38766,724,18.6761595212,244,149,51,280,57
02000,"Hamburg, Freie und Hansestadt",351011,6516,18.5635208013,2280,1992,297,1947,23
05362,Rhein-Erft-Kreis,100352,1862,18.5546875,612,465,113,672,43
15001,"Dessau-Roßlau, Stadt",23546,435,18.4744754948,106,212,4,113,19
09562,Erlangen,19923,366,18.3707273001,130,125,26,85,-7
08435,Bodenseekreis,39727,729,18.3502403907,177,286,79,187,149
08118,Ludwigsburg,96057,1760,18.322454376,240,825,232,463,15
05711,"Bielefeld, Stadt",75302,1377,18.286366896,320,538,39,480,16
06435,Main-Kinzig-Kreis,90510,1655,18.2852723456,524,429,103,599,-13
09186,Pfaffenhofen a.d.Ilm,23478,429,18.2724252492,96,141,85,107,-33
08417,Zollernalbkreis,34842,636,18.2538315826,140,260,99,137,27
09178,Freising,34888,636,18.2297638156,80,342,73,141,-4
12052,"Cottbus, Stadt",21215,386,18.19467358,38,191,35,122,-21
09362,"Regensburg, Stadt",27229,491,18.0322450329,226,81,56,128,8
12071,Spree-Neiße,31694,571,18.0160282703,99,254,30,188,32
03451,Ammerland,21558,388,17.9979589943,137,76,11,164,11
06437,Odenwaldkreis,19085,343,17.9722294996,117,79,48,99,10
07339,Mainz-Bingen,41009,736,17.9472798654,226,252,19,239,2
01059,Schleswig-Flensburg,39348,706,17.9424621328,201,148,28,329,5
09561,"Ansbach, Stadt",9882,177,17.9113539769,30,74,25,48,30
05970,Siegen-Wittgenstein,63882,1143,17.8923640462,333,388,22,400,11
09185,Neuburg-Schrobenhausen,19441,347,17.8488760866,91,100,52,104,69
05316,"Leverkusen, Stadt",36251,647,17.8477835094,195,208,22,222,-21
08127,Schwäbisch Hall,36653,654,17.8430142144,116,253,142,143,107
08225,Neckar-Odenwald-Kreis,31589,563,17.8226597866,178,199,69,117,9
14626,Görlitz,72989,1298,17.7835016235,165,652,47,434,96
05382,Rhein-Sieg-Kreis,123878,2189,17.670611408,670,493,155,871,40
09576,Roth,26981,476,17.6420444016,120,188,27,141,3
16064,Unstrut-Hainich-Kreis,27693,487,17.5856714693,132,148,17,190,-35
09278,Straubing-Bogen,21393,376,17.5758425653,98,120,45,113,29
08236,Enzkreis,39362,686,17.4279762207,180,241,93,172,43
13071,Mecklenburgische Seenplatte,65432,1139,17.4073847659,442,154,63,480,
06433,Groß-Gerau,52562,908,17.274837335,293,320,46,249,136
08415,Reutlingen,46141,797,17.2731410243,114,399,65,219,143
08237,Freudenstadt,20171,348,17.2524912002,93,88,49,118,8
08126,Hohenlohekreis,22972,396,17.2383771548,94,124,60,118,68
09175,Ebersberg,28733,491,17.0883652943,91,257,13,130,3
09571,"Ansbach, Kreis",40604,693,17.0672840114,122,279,61,231,-5
07311,Frankenthal (Pfalz),11044,187,16.9322709163,42,79,10,56,14
08135,Heidenheim,24572,415,16.889142113,134,158,26,97,185
05754,Gütersloh,78106,1312,16.797685197,333,423,49,507,32
03401,"Delmenhorst, Stadt",17498,292,16.6876214425,125,43,,124,54
13076,Ludwigslust-Parchim,56856,946,16.6385253975,199,280,100,367,
13004,Schwerin,24331,404,16.6043319222,19,182,83,120,111
09573,"Fürth, Kreis",25659,426,16.6023617444,105,156,13,152,-3
01057,Plön,26634,440,16.5202372907,97,126,33,184,-13
09679,"Würzburg, Kreis",31292,516,16.4898376582,219,141,58,98,113
09764,Memmingen,9155,150,16.3844893501,13,69,28,40,18
05154,Kleve,76747,1257,16.3784903644,380,378,41,458,-27
08325,Rottweil,29429,481,16.3444221686,87,163,119,112,-18
05334,Städteregion Aachen,115069,1875,16.2945710834,700,370,93,712,-1
08311,Freiburg im Breisgau,36382,592,16.2717827497,101,328,50,113,-19
06411,"Darmstadt, Wissenschaftsstadt",27796,452,16.2613325658,96,184,40,132,3
09575,Neustadt a.d.Aisch-Bad Windsheim,23034,370,16.0632109056,108,93,21,148,2
12066,Oberspreewald-Lausitz,33288,534,16.0418168709,133,167,33,201,34
09474,Forchheim,24109,386,16.0106184412,135,103,20,128,-36
09773,Dillingen a.d.Donau,19623,314,16.0016307394,70,113,31,100,35
03403,"Oldenburg, Stadt",27952,447,15.9917000572,166,65,25,191,25
06432,Darmstadt-Dieburg,55743,887,15.9123118598,174,334,120,259,16
07232,Eifelkreis Bitburg-Prüm,26386,418,15.841734253,137,82,6,193,145
08231,Pforzheim,25923,407,15.7003433245,76,192,51,88,-16
09675,Kitzingen,20701,323,15.6031109608,96,98,18,111,26
08425,Alb-Donau-Kreis,33415,516,15.4421666916,149,179,50,138,59
08235,Calw,29845,459,15.3794605462,121,149,45,144,-26
03357,Rotenburg (Wümme),32341,495,15.305649176,156,133,18,188,-20
08437,Sigmaringen,22838,348,15.2377616254,80,122,52,94,-1
08421,Ulm,22254,339,15.2332165004,146,109,12,72,49
08436,Ravensburg,49743,747,15.0171883481,175,270,73,229,7
09276,Regen,18994,283,14.899441929,39,98,20,126,-25
01058,Rendsburg-Eckernförde,52610,783,14.8831020718,209,156,49,369,77
08327,Tuttlingen,26290,391,14.8725751236,66,182,82,61,10
08111,Stuttgart,112673,1662,14.7506501114,436,511,89,626,-12
09776,Lindau,16289,240,14.7338694825,50,91,19,80,28
08416,Tübingen,32600,480,14.7239263804,126,146,75,133,-11
08316,Emmendingen,31255,459,14.685650296,73,207,42,137,-37
08117,Göppingen,45031,660,14.6565699185,211,214,27,208,-14
01056,Pinneberg,63046,924,14.6559654855,264,289,28,343,-8
05378,Rheinisch-Bergischer Kreis,57952,848,14.6327995583,303,190,70,285,-22
08335,Konstanz,49227,720,14.6261198123,244,156,41,279,132
09674,Haßberge,21803,318,14.5851488327,78,74,31,135,7
09677,Main-Spessart,28438,414,14.5579857937,153,102,61,98,99
08136,Ostalbkreis,57847,840,14.5210641866,190,333,141,176,20
10042,Merzig-Wadern,25649,372,14.5034894148,100,123,8,141,-25
09190,Weilheim-Schongau,29555,428,14.4814752157,52,187,64,125,-18
09577,Weißenburg-Gunzenhausen,21678,311,14.3463419135,45,160,23,83,-15
08315,Breisgau-Hochschwarzwald,46677,663,14.2039976862,115,294,103,151,-33
08211,Baden-Baden,11748,166,14.1300646919,45,69,7,45,-25
16056,"Eisenach, Stadt",12269,173,14.1005786943,31,84,18,40,-9
01054,Nordfriesland,35268,493,13.9786775547,179,59,11,244,56
09275,"Passau, Kreis",44125,615,13.9376770538,76,227,34,278,-41
09762,Kaufbeuren,10356,144,13.9049826188,18,52,14,60,-44
07134,Birkenfeld,23522,327,13.9018790919,51,145,30,101,6
09177,Erding,26870,371,13.8072199479,106,102,34,129,23
09662,"Schweinfurt, Stadt",15948,219,13.7321294206,66,67,24,62,44
09777,Ostallgäu,29350,403,13.730834753,46,160,49,148,-38
15086,Jerichower Land,26293,361,13.7298900848,115,118,23,105,-1
09661,"Aschaffenburg, Stadt",12979,178,13.7144618229,52,53,24,49,-16
09672,Bad Kissingen,28410,387,13.6219640971,89,114,51,133,-35
06631,Fulda,50460,686,13.5949266746,196,246,23,221,17
03353,Harburg,50597,685,13.5383520762,233,216,35,201,8
09774,Günzburg,25843,349,13.5046240762,71,154,45,79,13
15090,Stendal,31167,420,13.4757917028,155,101,29,135,35
09173,Bad Tölz-Wolfratshausen,28274,381,13.4752776402,72,139,28,142,-15
08116,Esslingen,93260,1256,13.4677246408,350,422,42,442,29
08337,Waldshut,32168,433,13.4605819448,78,123,66,166,-14
09671,"Aschaffenburg, Kreis",31056,418,13.4595569294,142,112,62,102,6
16063,Wartburgkreis,35889,480,13.3745715958,113,204,40,123,-4
16073,Saalfeld-Rudolstadt,29718,396,13.3252574197,101,167,48,80,33
12062,Elbe-Elster,28981,375,12.9395120941,121,108,24,122,9
09162,"München, Landeshauptstadt",289802,3703,12.777689595,916,1211,392,1184,-24
16075,Saale-Orla-Kreis,21395,270,12.6197709745,77,95,33,65,-15
03457,Leer,37007,467,12.6192341989,139,87,21,220,38
09184,"München, Kreis",59744,749,12.5368237815,184,238,85,242,-30
16066,Schmalkalden-Meiningen,35735,446,12.4807611585,97,223,32,94,-38
08336,Lörrach,41603,519,12.4750618946,138,164,49,168,-27
07231,Bernkastel-Wittlich,27965,344,12.301090649,83,99,12,150,34
09563,"Fürth, Stadt",26805,329,12.2738295094,57,149,14,109,-64
09181,Landsberg am Lech,22908,280,12.2228042605,15,140,50,75,-55
09673,Rhön-Grabfeld,20469,250,12.2135912844,79,106,10,55,5
09771,Aichach-Friedberg,25421,306,12.0372920027,58,114,31,103,29
08212,"Karlsruhe, Stadt",51059,611,11.9665485027,211,155,51,194,16
09263,Straubing,10872,129,11.8653421634,36,41,9,43,-36
09772,"Augsburg, Kreis",51377,577,11.2307063472,113,225,54,185,-18
08317,Ortenaukreis,80234,893,11.1299449111,164,269,184,276,-31
07235,Trier-Saarburg,35094,385,10.970536274,97,128,,160,-22
09775,Neu-Ulm,33004,360,10.9077687553,85,154,42,79,5
09188,Starnberg,26717,291,10.8919414605,54,110,43,84,-27
08216,Rastatt,44883,482,10.7390325959,118,198,30,136,-29
09179,Fürstenfeldbruck,44968,481,10.6964952855,91,213,48,129,-39
09780,Oberallgäu,28068,299,10.6527005843,35,122,37,105,-65
08426,Biberach,36876,391,10.6031022888,93,160,22,116,48
09180,Garmisch-Partenkirchen,20046,208,10.3761348898,55,61,12,80,-28
07211,"Trier, kreisfreie Stadt",22745,234,10.2879753792,36,85,17,96,100
09262,"Passau, Stadt",10949,109,9.9552470545,14,36,5,54,-53
09763,Kempten,12488,122,9.7693786035,13,62,16,31,0
09761,"Augsburg, Stadt",60405,582,9.634963993,120,244,59,159,-24
09171,Altötting,24884,235,9.4438193217,60,74,17,84,3
09187,"Rosenheim, Kreis",49872,470,9.424125762,119,179,33,139,-13
08119,Rems-Murr-Kreis,76822,699,9.0989560282,176,181,63,279,29
09779,Donau-Ries,29717,266,8.9511054279,75,73,32,86,4
09163,Rosenheim,12016,104,8.655126498,26,42,2,34,4
09678,"Schweinfurt, Kreis",26953,233,8.6446777724,73,61,29,70,1
09182,Miesbach,20694,115,5.5571663284,21,31,12,51,-46
